Workbook

Sheet Read Me
A1: Used Market Samples — Vauxhall Astra vs Volkswagen Golf
A3: WHAT THIS IS
A4: 200 cars, 100 of each model, aged 0-10, generated from a documented price model
A5: calibrated against published UK depreciation figures. See the Calibration tab.
A7: WHAT THIS IS NOT
A8: These are NOT real listings. No row is a real car, advert, seller or transaction.
A9: Prices were computed, not observed. UK listing sites were unreachable from the
A10: environment this was built in, so no adverts could be collected. Do not quote any
A11: figure here as evidence of what the market actually did.
A13: WHAT IS REAL
A14: The calibration anchors are real published figures with sources, and the gap they
A15: describe is real: the Golf retains ~61% of its value at three years against the
... A26: listings including both vauxhall.csv and vw.csv — the same comparison, done for real.

Sheet Astra Listings
A1: Listing ID | B1: Registration Year | C1: Age (years) | D1: Mileage | E1: Avg Annual Mileage | F1: Trim | G1: Fuel | H1: Transmission | I1: Engine (L) | J1: Body | K1: Former Keepers | L1: Service History | M1: Seller Type | N1: Condition | O1: Region | P1: Original List Price (GBP) | Q1: Asking Price (GBP) | R1: Retained % of List
A2: AST-001 | B2: 2026 | C2: 0 | D2: 25 | F2: Griffin | G2: Plug-in Hybrid | H2: Automatic | I2: 1.6 | J2: Hatchback | K2: 1 | L2: Full | M2: Independent dealer | N2: Good | O2: South West | P2: 29995 | Q2: 28375 | R2: 0.946
A3: AST-002 | B3: 2025 | C3: 1 | D3: 19124 | E3: 19124 | F3: Ultimate | G3: Petrol | H3: Automatic | I3: 1.6 | J3: Hatchback | K3: 1 | L3: Full | M3: Independent dealer | N3: Good | O3: London | P3: 29500 | Q3: 23760 | R3: 0.8054
A4: AST-003 | B4: 2025 | C4: 1 | D4: 4360 | E4: 4360 | F4: Ultimate | G4: Petrol | H4: Manual | I4: 1.5 | J4: Hatchback | K4: 1 | L4: Full | M4: Private | N4: Good | O4: South East | P4: 29500 | Q4: 21600 | R4: 0.7322
A5: AST-004 | B5: 2025 | C5: 1 | D5: 17137 | E5: 17137 | F5: Ultimate | G5: Plug-in Hybrid | H5: Automatic | I5: 1.6 | J5: Hatchback | K5: 1 | L5: Full | M5: Independent dealer | N5: Good | O5: Wales | P5: 29500 | Q5: 25435 | R5: 0.8622
A6: AST-005 | B6: 2025 | C6: 1 | D6: 6255 | E6: 6255 | F6: GS | G6: Electric | H6: Automatic | I6: - | J6: Hatchback | K6: 1 | L6: Full | M6: Franchise dealer | N6: Good | O6: Wales | P6: 29500 | Q6: 23970 | R6: 0.8125
A7: AST-006 | B7: 2025 | C7: 1 | D7: 8421 | E7: 8421 | F7: GS | G7: Hybrid | H7: Automatic | I7: 1.2 | J7: Hatchback | K7: 1 | L7: Full | M7: Franchise dealer | N7: Good | O7: Scotland | P7: 29500 | Q7: 28945 | R7: 0.9812
A8: AST-007 | B8: 2025 | C8: 1 | D8: 4340 | E8: 4340 | F8: GS | G8: Petrol | H8: Manual | I8: 1.5 | J8: Hatchback | K8: 1 | L8: Full | M8: Franchise dealer | N8: Good | O8: West Midlands | P8: 29500 | Q8: 25425 | R8: 0.8619
A9: AST-008 | B9: 2025 | C9: 1 | D9: 4451 | E9: 4451 | F9: Design | G9: Electric | H9: Automatic | I9: - | J9: Sports Tourer | K9: 1 | L9: Full | M9: Franchise dealer | N9: Excellent | O9: West Midlands | P9: 29500 | Q9: 22455 | R9: 0.7612
A10: AST-009 | B10: 2025 | C10: 1 | D10: 13016 | E10: 13016 | F10: GS | G10: Hybrid | H10: Automatic | I10: 1.2 | J10: Sports Tourer | K10: 1 | L10: Full | M10: Independent dealer | N10: Good | O10: London | P10: 29500 | Q10: 27160 | R10: 0.9207
A11: AST-010 | B11: 2025 | C11: 1 | D11: 17448 | E11: 17448 | F11: GS Line | G11: Petrol | H11: Manual | I11: 1.5 | J11: Hatchback | K11: 1 | L11: Full | M11: Private | N11: Good | O11: East of England | P11: 29500 | Q11: 20140 | R11: 0.6827
A12: AST-011 | B12: 2025 | C12: 1 | D12: 9625 | E12: 9625 | F12: Ultimate | G12: Plug-in Hybrid | H12: Automatic | I12: 1.6 | J12: Hatchback | K12: 1 | L12: Full | M12: Private | N12: Good | O12: North East | P12: 29500 | Q12: 23990 | R12: 0.8132
A13: AST-012 | B13: 2024 | C13: 2 | D13: 31312 | E13: 15656 | F13: Design | G13: Hybrid | H13: Automatic | I13: 1.2 | J13: Hatchback | K13: 1 | L13: Full | M13: Franchise dealer | N13: Good | O13: Wales | P13: 28500 | Q13: 18910 | R13: 0.6635
A14: AST-013 | B14: 2024 | C14: 2 | D14: 30654 | E14: 15327 | F14: Griffin | G14: Petrol | H14: Manual | I14: 1.4 | J14: Hatchback | K14: 1 | L14: Full | M14: Independent dealer | N14: Good | O14: North West | P14: 28500 | Q14: 16120 | R14: 0.5656
... A101: AST-100 | B101: 2016 | C101: 10 | D101: 198527 | E101: 19853 | F101: Ultimate | G101: Petrol | H101: Manual | I101: 1.6 | J101: Hatchback | K101: 3 | L101: Full | M101: Independent dealer | N101: Good | O101: West Midlands | P101: 19000 | Q101: 3685 | R101: 0.1939

Sheet Golf Listings
A1: Listing ID | B1: Registration Year | C1: Age (years) | D1: Mileage | E1: Avg Annual Mileage | F1: Trim | G1: Fuel | H1: Transmission | I1: Engine (L) | J1: Body | K1: Former Keepers | L1: Service History | M1: Seller Type | N1: Condition | O1: Region | P1: Original List Price (GBP) | Q1: Asking Price (GBP) | R1: Retained % of List
A2: GOL-001 | B2: 2026 | C2: 0 | D2: 25 | F2: Life | G2: Petrol | H2: Automatic | I2: 1.4 | J2: Hatchback | K2: 1 | L2: Full | M2: Franchise dealer | N2: Good | O2: Wales | P2: 30500 | Q2: 32375 | R2: 1.0615
A3: GOL-002 | B3: 2026 | C3: 0 | D3: 25 | F3: Black Edition | G3: Petrol | H3: Automatic | I3: 1.4 | J3: Hatchback | K3: 1 | L3: Full | M3: Franchise dealer | N3: Good | O3: North East | P3: 30500 | Q3: 36470 | R3: 1.1957
A4: GOL-003 | B4: 2026 | C4: 0 | D4: 3056 | F4: GTI | G4: Hybrid | H4: Automatic | I4: 1.2 | J4: Hatchback | K4: 1 | L4: Full | M4: Independent dealer | N4: Good | O4: Yorkshire | P4: 30500 | Q4: 35860 | R4: 1.1757
A5: GOL-004 | B5: 2026 | C5: 0 | D5: 207 | F5: Black Edition | G5: Petrol | H5: Manual | I5: 1.6 | J5: Hatchback | K5: 1 | L5: Full | M5: Independent dealer | N5: Excellent | O5: South West | P5: 30500 | Q5: 31855 | R5: 1.0444
A6: GOL-005 | B6: 2026 | C6: 0 | D6: 3337 | F6: Match | G6: Hybrid | H6: Automatic | I6: 1.2 | J6: Hatchback | K6: 1 | L6: Full | M6: Independent dealer | N6: Excellent | O6: Scotland | P6: 30500 | Q6: 30155 | R6: 0.9887
A7: GOL-006 | B7: 2025 | C7: 1 | D7: 7372 | E7: 7372 | F7: GTI | G7: Petrol | H7: Automatic | I7: 1.2 | J7: Hatchback | K7: 1 | L7: Full | M7: Franchise dealer | N7: Good | O7: London | P7: 30000 | Q7: 32100 | R7: 1.07
A8: GOL-007 | B8: 2025 | C8: 1 | D8: 4212 | E8: 4212 | F8: Life | G8: Petrol | H8: Automatic | I8: 1.5 | J8: Hatchback | K8: 1 | L8: Full | M8: Franchise dealer | N8: Good | O8: North East | P8: 30000 | Q8: 25125 | R8: 0.8375
A9: GOL-008 | B9: 2025 | C9: 1 | D9: 10204 | E9: 10204 | F9: R-Line | G9: Plug-in Hybrid | H9: Automatic | I9: 1.6 | J9: Hatchback | K9: 1 | L9: Full | M9: Independent dealer | N9: Good | O9: East of England | P9: 30000 | Q9: 27315 | R9: 0.9105
A10: GOL-009 | B10: 2025 | C10: 1 | D10: 10809 | E10: 10809 | F10: Life | G10: Petrol | H10: Automatic | I10: 1.2 | J10: Hatchback | K10: 1 | L10: Full | M10: Independent dealer | N10: Good | O10: Yorkshire | P10: 30000 | Q10: 22755 | R10: 0.7585
A11: GOL-010 | B11: 2025 | C11: 1 | D11: 7572 | E11: 7572 | F11: Black Edition | G11: Petrol | H11: Manual | I11: 1.4 | J11: Hatchback | K11: 1 | L11: Full | M11: Private | N11: Good | O11: Yorkshire | P11: 30000 | Q11: 22075 | R11: 0.7358
A12: GOL-011 | B12: 2024 | C12: 2 | D12: 37337 | E12: 18668 | F12: Match | G12: Hybrid | H12: Automatic | I12: 1.2 | J12: Hatchback | K12: 2 | L12: Full | M12: Franchise dealer | N12: Good | O12: North West | P12: 29000 | Q12: 22855 | R12: 0.7881
A13: GOL-012 | B13: 2024 | C13: 2 | D13: 27527 | E13: 13764 | F13: Match | G13: Petrol | H13: Automatic | I13: 1.2 | J13: Sports Tourer | K13: 2 | L13: Full | M13: Private | N13: Good | O13: Yorkshire | P13: 29000 | Q13: 18050 | R13: 0.6224
A14: GOL-013 | B14: 2024 | C14: 2 | D14: 28890 | E14: 14445 | F14: Match | G14: Petrol | H14: Manual | I14: 1.2 | J14: Sports Tourer | K14: 1 | L14: Full | M14: Independent dealer | N14: Fair | O14: London | P14: 29000 | Q14: 17630 | R14: 0.6079
A15: GOL-014 | B15: 2024 | C15: 2 | D15: 24666 | E15: 12333 | F15: Match | G15: Petrol | H15: Manual | I15: 1.6 | J15: Hatchback | K15: 2 | L15: Full | M15: Independent dealer | N15: Good | O15: Wales | P15: 29000 | Q15: 18775 | R15: 0.6474
A16: GOL-015 | B16: 2024 | C16: 2 | D16: 10593 | E16: 5296 | F16: GTI | G16: Petrol | H16: Manual | I16: 1.6 | J16: Hatchback | K16: 1 | L16: Full | M16: Independent dealer | N16: Good | O16: London | P16: 29000 | Q16: 24055 | R16: 0.8295
A17: GOL-016 | B17: 2024 | C17: 2 | D17: 9928 | E17: 4964 | F17: R-Line | G17: Hybrid | H17: Automatic | I17: 1.2 | J17: Hatchback | K17: 1 | L17: Full | M17: Private | N17: Good | O17: Yorkshire | P17: 29000 | Q17: 22450 | R17: 0.7741
A18: GOL-017 | B18: 2024 | C18: 2 | D18: 14304 | E18: 7152 | F18: R-Line | G18: Petrol | H18: Automatic | I18: 1.4 | J18: Hatchback | K18: 1 | L18: Full | M18: Private | N18: Fair | O18: South East | P18: 29000 | Q18: 19435 | R18: 0.6702
... A101: GOL-100 | B101: 2016 | C101: 10 | D101: 66516 | E101: 6652 | F101: GTI | G101: Diesel | H101: Manual | I101: 1.5 | J101: Sports Tourer | K101: 4 | L101: Full | M101: Independent dealer | N101: Good | O101: Scotland | P101: 21500 | Q101: 7035 | R101: 0.3272

Sheet Comparison
A1: Mean asking price by age
A2: Live formulas over the two listings tabs.
A4: Age (years) | B4: Astra cars | C4: Astra mean price | D4: Golf cars | E4: Golf mean price | F4: Golf premium (£) | G4: Golf premium (%)
A5: 0 | B5: =COUNTIFS('Astra Listings'!$C$2:$C$101,A5) | C5: =IF(B5=0,"",ROUND(AVERAGEIFS('Astra Listings'!$Q$2:$Q$101,'Astra Listings'!$C$2:$C$101,A5),0)) | D5: =COUNTIFS('Golf Listings'!$C$2:$C$101,A5) | E5: =IF(D5=0,"",ROUND(AVERAGEIFS('Golf Listings'!$Q$2:$Q$101,'Golf Listings'!$C$2:$C$101,A5),0)) | F5: =IF(OR(C5="",E5=""),"",E5-C5) | G5: =IF(OR(C5="",E5="",C5=0),"",E5/C5-1)
A6: 1 | B6: =COUNTIFS('Astra Listings'!$C$2:$C$101,A6) | C6: =IF(B6=0,"",ROUND(AVERAGEIFS('Astra Listings'!$Q$2:$Q$101,'Astra Listings'!$C$2:$C$101,A6),0)) | D6: =COUNTIFS('Golf Listings'!$C$2:$C$101,A6) | E6: =IF(D6=0,"",ROUND(AVERAGEIFS('Golf Listings'!$Q$2:$Q$101,'Golf Listings'!$C$2:$C$101,A6),0)) | F6: =IF(OR(C6="",E6=""),"",E6-C6) | G6: =IF(OR(C6="",E6="",C6=0),"",E6/C6-1)
A7: 2 | B7: =COUNTIFS('Astra Listings'!$C$2:$C$101,A7) | C7: =IF(B7=0,"",ROUND(AVERAGEIFS('Astra Listings'!$Q$2:$Q$101,'Astra Listings'!$C$2:$C$101,A7),0)) | D7: =COUNTIFS('Golf Listings'!$C$2:$C$101,A7) | E7: =IF(D7=0,"",ROUND(AVERAGEIFS('Golf Listings'!$Q$2:$Q$101,'Golf Listings'!$C$2:$C$101,A7),0)) | F7: =IF(OR(C7="",E7=""),"",E7-C7) | G7: =IF(OR(C7="",E7="",C7=0),"",E7/C7-1)
A8: 3 | B8: =COUNTIFS('Astra Listings'!$C$2:$C$101,A8) | C8: =IF(B8=0,"",ROUND(AVERAGEIFS('Astra Listings'!$Q$2:$Q$101,'Astra Listings'!$C$2:$C$101,A8),0)) | D8: =COUNTIFS('Golf Listings'!$C$2:$C$101,A8) | E8: =IF(D8=0,"",ROUND(AVERAGEIFS('Golf Listings'!$Q$2:$Q$101,'Golf Listings'!$C$2:$C$101,A8),0)) | F8: =IF(OR(C8="",E8=""),"",E8-C8) | G8: =IF(OR(C8="",E8="",C8=0),"",E8/C8-1)
A9: 4 | B9: =COUNTIFS('Astra Listings'!$C$2:$C$101,A9) | C9: =IF(B9=0,"",ROUND(AVERAGEIFS('Astra Listings'!$Q$2:$Q$101,'Astra Listings'!$C$2:$C$101,A9),0)) | D9: =COUNTIFS('Golf Listings'!$C$2:$C$101,A9) | E9: =IF(D9=0,"",ROUND(AVERAGEIFS('Golf Listings'!$Q$2:$Q$101,'Golf Listings'!$C$2:$C$101,A9),0)) | F9: =IF(OR(C9="",E9=""),"",E9-C9) | G9: =IF(OR(C9="",E9="",C9=0),"",E9/C9-1)
A10: 5 | B10: =COUNTIFS('Astra Listings'!$C$2:$C$101,A10) | C10: =IF(B10=0,"",ROUND(AVERAGEIFS('Astra Listings'!$Q$2:$Q$101,'Astra Listings'!$C$2:$C$101,A10),0)) | D10: =COUNTIFS('Golf Listings'!$C$2:$C$101,A10) | E10: =IF(D10=0,"",ROUND(AVERAGEIFS('Golf Listings'!$Q$2:$Q$101,'Golf Listings'!$C$2:$C$101,A10),0)) | F10: =IF(OR(C10="",E10=""),"",E10-C10) | G10: =IF(OR(C10="",E10="",C10=0),"",E10/C10-1)
A11: 6 | B11: =COUNTIFS('Astra Listings'!$C$2:$C$101,A11) | C11: =IF(B11=0,"",ROUND(AVERAGEIFS('Astra Listings'!$Q$2:$Q$101,'Astra Listings'!$C$2:$C$101,A11),0)) | D11: =COUNTIFS('Golf Listings'!$C$2:$C$101,A11) | E11: =IF(D11=0,"",ROUND(AVERAGEIFS('Golf Listings'!$Q$2:$Q$101,'Golf Listings'!$C$2:$C$101,A11),0)) | F11: =IF(OR(C11="",E11=""),"",E11-C11) | G11: =IF(OR(C11="",E11="",C11=0),"",E11/C11-1)
A12: 7 | B12: =COUNTIFS('Astra Listings'!$C$2:$C$101,A12) | C12: =IF(B12=0,"",ROUND(AVERAGEIFS('Astra Listings'!$Q$2:$Q$101,'Astra Listings'!$C$2:$C$101,A12),0)) | D12: =COUNTIFS('Golf Listings'!$C$2:$C$101,A12) | E12: =IF(D12=0,"",ROUND(AVERAGEIFS('Golf Listings'!$Q$2:$Q$101,'Golf Listings'!$C$2:$C$101,A12),0)) | F12: =IF(OR(C12="",E12=""),"",E12-C12) | G12: =IF(OR(C12="",E12="",C12=0),"",E12/C12-1)
A13: 8 | B13: =COUNTIFS('Astra Listings'!$C$2:$C$101,A13) | C13: =IF(B13=0,"",ROUND(AVERAGEIFS('Astra Listings'!$Q$2:$Q$101,'Astra Listings'!$C$2:$C$101,A13),0)) | D13: =COUNTIFS('Golf Listings'!$C$2:$C$101,A13) | E13: =IF(D13=0,"",ROUND(AVERAGEIFS('Golf Listings'!$Q$2:$Q$101,'Golf Listings'!$C$2:$C$101,A13),0)) | F13: =IF(OR(C13="",E13=""),"",E13-C13) | G13: =IF(OR(C13="",E13="",C13=0),"",E13/C13-1)
A14: 9 | B14: =COUNTIFS('Astra Listings'!$C$2:$C$101,A14) | C14: =IF(B14=0,"",ROUND(AVERAGEIFS('Astra Listings'!$Q$2:$Q$101,'Astra Listings'!$C$2:$C$101,A14),0)) | D14: =COUNTIFS('Golf Listings'!$C$2:$C$101,A14) | E14: =IF(D14=0,"",ROUND(AVERAGEIFS('Golf Listings'!$Q$2:$Q$101,'Golf Listings'!$C$2:$C$101,A14),0)) | F14: =IF(OR(C14="",E14=""),"",E14-C14) | G14: =IF(OR(C14="",E14="",C14=0),"",E14/C14-1)
A15: 10 | B15: =COUNTIFS('Astra Listings'!$C$2:$C$101,A15) | C15: =IF(B15=0,"",ROUND(AVERAGEIFS('Astra Listings'!$Q$2:$Q$101,'Astra Listings'!$C$2:$C$101,A15),0)) | D15: =COUNTIFS('Golf Listings'!$C$2:$C$101,A15) | E15: =IF(D15=0,"",ROUND(AVERAGEIFS('Golf Listings'!$Q$2:$Q$101,'Golf Listings'!$C$2:$C$101,A15),0)) | F15: =IF(OR(C15="",E15=""),"",E15-C15) | G15: =IF(OR(C15="",E15="",C15=0),"",E15/C15-1)
A17: Reading the table
A18: The Golf premium is widest in the middle years and narrows at both ends: a nearly-new
A19: car of either badge is close to its list price, and by ten years both are cheap enough
A20: that the gap in pounds is small. The percentage column is the one that matters.
A22: Some age buckets hold only a handful of cars, so one unusual car moves that row.
A23: Read the shape of the column, not any single cell.

Sheet Calibration
A1: Calibration anchors, sources and generating parameters
A3: Valuation year | B3: 2026
A5: Vauxhall Astra — published anchors
A6: Anchor | B6: Value | C6: Source
A7: 2026 list price, entry 1.2 Turbo petrol | B7: £27,495 | C7: Stellantis Media / Auto Express
A8: Retained at 3 years | B8: 47-53% | C8: CarBuyerIQ / Free Plate Check
A9: Retained at 5 years | B9: ~42% | C9: Free Plate Check
A10: Depreciation flattens from | B10: year 7-9 | C10: CarBuyerIQ
A11: Class position | B11: among the worst in the family hatchback class | C11: CarBuyerIQ
A13: Volkswagen Golf — published anchors
A14: Anchor | B14: Value | C14: Source
A15: 2026 on-the-road price, from | B15: £28,910 | C15: heycar / Carwow
A16: Retained at 3 years | B16: ~61% | C16: CarBuyerIQ
A17: Retained at 5 years | B17: 42-48% | C17: CarBuyerIQ
A18: Keeps depreciating until | B18: year 10-12 | C18: CarBuyerIQ
A19: Class position | B19: second only to the Toyota Corolla in the UK | C19: CarBuyerIQ
A21: Retention curves (share of original list retained)
A22: Age (years) | B22: Astra | C22: Golf
A23: 0 | B23: 0.92 | C23: 0.93
A24: 1 | B24: 0.74 | C24: 0.8
A25: 2 | B25: 0.62 | C25: 0.7
A26: 3 | B26: 0.51 | C26: 0.61
A27: 4 | B27: 0.455 | C27: 0.53
A28: 5 | B28: 0.42 | C28: 0.45
A29: 6 | B29: 0.375 | C29: 0.405
A30: 7 | B30: 0.335 | C30: 0.365
A31: 8 | B31: 0.3 | C31: 0.33
A32: 9 | B32: 0.275 | C32: 0.3
A33: 10 | B33: 0.255 | C33: 0.275
A35: Shared generating parameters (identical for both cars)
A36: Mileage penalty | B36: exp(-0.045 x excess per 10k miles), clipped to [0.72, 1.22]
A37: Expected mileage for age | B37: 10,000 miles per year
A38: Annual mileage drawn from | B38: Uniform(3,500, 21,000) — independent of age
A39: Price noise | B39: Normal(mean 1.0, sd 4.5%)
A40: Fuel multiplier | B40: 0.88 (Electric) to 1.06 (Hybrid)
A41: Service history multiplier | B41: 1.00 Full / 0.94 Partial / 0.87 None
A42: Seller multiplier | B42: 1.08 Franchise / 1.00 Independent / 0.90 Private
A43: Condition multiplier | B43: 1.04 Excellent / 1.00 Good / 0.92 Fair
A44: Former keeper penalty | B44: 1.5% per keeper beyond the first
A45: Seeds | B45: Astra 20260826, Golf 20260901 — regenerating reproduces both
