Workbook

Sheet Read Me
A1: Vauxhall Astra — Used Market Sample (100 cars)
A3: WHAT THIS IS
A4: A 100-row sample of the UK used Vauxhall Astra market, generated from a documented
A5: price model calibrated against published depreciation figures. See the Calibration tab.
A7: WHAT THIS IS NOT
A8: These are NOT real listings. No row corresponds to a real car, a real advert, a real
A9: seller, or a real transaction. Prices were computed, not observed. Do not quote any
A10: figure here as evidence of what the market actually did.
A12: WHY IT EXISTS
A13: The depreciation model needs data where age and mileage vary independently. In the
A14: original synthetic data, mileage was ~1.1 x age (correlation 0.999), so the model could
A15: not separate the age effect from the mileage effect and the mileage coefficient pinned
... A28: this file only proves the pipeline runs.

Sheet Listings
A1: Listing ID | B1: Registration Year | C1: Age (years) | D1: Mileage | E1: Avg Annual Mileage | F1: Trim | G1: Fuel | H1: Transmission | I1: Engine (L) | J1: Body | K1: Former Keepers | L1: Service History | M1: Seller Type | N1: Condition | O1: Region | P1: Original List Price (GBP) | Q1: Asking Price (GBP) | R1: Retained % of List
A2: AST-001 | B2: 2026 | C2: =Calibration!$B$3-B2 | D2: 25 | E2: =IF(C2=0,"",ROUND(D2/C2,0)) | F2: Griffin | G2: Plug-in Hybrid | H2: Automatic | I2: 1.6 | J2: Hatchback | K2: 1 | L2: Full | M2: Independent dealer | N2: Good | O2: South West | P2: 29995 | Q2: 28375 | R2: =Q2/P2
A3: AST-002 | B3: 2025 | C3: =Calibration!$B$3-B3 | D3: 19124 | E3: =IF(C3=0,"",ROUND(D3/C3,0)) | F3: Ultimate | G3: Petrol | H3: Automatic | I3: 1.6 | J3: Hatchback | K3: 1 | L3: Full | M3: Independent dealer | N3: Good | O3: London | P3: 29500 | Q3: 23760 | R3: =Q3/P3
A4: AST-003 | B4: 2025 | C4: =Calibration!$B$3-B4 | D4: 4360 | E4: =IF(C4=0,"",ROUND(D4/C4,0)) | F4: Ultimate | G4: Petrol | H4: Manual | I4: 1.5 | J4: Hatchback | K4: 1 | L4: Full | M4: Private | N4: Good | O4: South East | P4: 29500 | Q4: 21600 | R4: =Q4/P4
A5: AST-004 | B5: 2025 | C5: =Calibration!$B$3-B5 | D5: 17137 | E5: =IF(C5=0,"",ROUND(D5/C5,0)) | F5: Ultimate | G5: Plug-in Hybrid | H5: Automatic | I5: 1.6 | J5: Hatchback | K5: 1 | L5: Full | M5: Independent dealer | N5: Good | O5: Wales | P5: 29500 | Q5: 25435 | R5: =Q5/P5
A6: AST-005 | B6: 2025 | C6: =Calibration!$B$3-B6 | D6: 6255 | E6: =IF(C6=0,"",ROUND(D6/C6,0)) | F6: GS | G6: Electric | H6: Automatic | I6: - | J6: Hatchback | K6: 1 | L6: Full | M6: Franchise dealer | N6: Good | O6: Wales | P6: 29500 | Q6: 23970 | R6: =Q6/P6
A7: AST-006 | B7: 2025 | C7: =Calibration!$B$3-B7 | D7: 8421 | E7: =IF(C7=0,"",ROUND(D7/C7,0)) | F7: GS | G7: Hybrid | H7: Automatic | I7: 1.2 | J7: Hatchback | K7: 1 | L7: Full | M7: Franchise dealer | N7: Good | O7: Scotland | P7: 29500 | Q7: 28945 | R7: =Q7/P7
A8: AST-007 | B8: 2025 | C8: =Calibration!$B$3-B8 | D8: 4340 | E8: =IF(C8=0,"",ROUND(D8/C8,0)) | F8: GS | G8: Petrol | H8: Manual | I8: 1.5 | J8: Hatchback | K8: 1 | L8: Full | M8: Franchise dealer | N8: Good | O8: West Midlands | P8: 29500 | Q8: 25425 | R8: =Q8/P8
A9: AST-008 | B9: 2025 | C9: =Calibration!$B$3-B9 | D9: 4451 | E9: =IF(C9=0,"",ROUND(D9/C9,0)) | F9: Design | G9: Electric | H9: Automatic | I9: - | J9: Sports Tourer | K9: 1 | L9: Full | M9: Franchise dealer | N9: Excellent | O9: West Midlands | P9: 29500 | Q9: 22455 | R9: =Q9/P9
A10: AST-009 | B10: 2025 | C10: =Calibration!$B$3-B10 | D10: 13016 | E10: =IF(C10=0,"",ROUND(D10/C10,0)) | F10: GS | G10: Hybrid | H10: Automatic | I10: 1.2 | J10: Sports Tourer | K10: 1 | L10: Full | M10: Independent dealer | N10: Good | O10: London | P10: 29500 | Q10: 27160 | R10: =Q10/P10
A11: AST-010 | B11: 2025 | C11: =Calibration!$B$3-B11 | D11: 17448 | E11: =IF(C11=0,"",ROUND(D11/C11,0)) | F11: GS Line | G11: Petrol | H11: Manual | I11: 1.5 | J11: Hatchback | K11: 1 | L11: Full | M11: Private | N11: Good | O11: East of England | P11: 29500 | Q11: 20140 | R11: =Q11/P11
A12: AST-011 | B12: 2025 | C12: =Calibration!$B$3-B12 | D12: 9625 | E12: =IF(C12=0,"",ROUND(D12/C12,0)) | F12: Ultimate | G12: Plug-in Hybrid | H12: Automatic | I12: 1.6 | J12: Hatchback | K12: 1 | L12: Full | M12: Private | N12: Good | O12: North East | P12: 29500 | Q12: 23990 | R12: =Q12/P12
A13: AST-012 | B13: 2024 | C13: =Calibration!$B$3-B13 | D13: 31312 | E13: =IF(C13=0,"",ROUND(D13/C13,0)) | F13: Design | G13: Hybrid | H13: Automatic | I13: 1.2 | J13: Hatchback | K13: 1 | L13: Full | M13: Franchise dealer | N13: Good | O13: Wales | P13: 28500 | Q13: 18910 | R13: =Q13/P13
... A101: AST-100 | B101: 2016 | C101: =Calibration!$B$3-B101 | D101: 198527 | E101: =IF(C101=0,"",ROUND(D101/C101,0)) | F101: Ultimate | G101: Petrol | H101: Manual | I101: 1.6 | J101: Hatchback | K101: 3 | L101: Full | M101: Independent dealer | N101: Good | O101: West Midlands | P101: 19000 | Q101: 3685 | R101: =Q101/P101
A103: Sample summary | B103: Cars | C103: =COUNT(Q2:Q101) | D103: Mean asking price | E103: =ROUND(AVERAGE(Q2:Q101),0) | F103: Mean mileage | G103: =ROUND(AVERAGE(D2:D101),0) | H103: Mean age | I103: =ROUND(AVERAGE(C2:C101),1)

Sheet Market Summary
A1: How the sample prices by age
A2: Every figure below is a live formula over the Listings tab.
A4: Age (years) | B4: Cars | C4: Mean Asking Price | D4: Mean Mileage | E4: Mean Retained % of List | F4: Mean Price per 1k Miles
A5: 0 | B5: =COUNTIFS(Listings!$C$2:$C$101,A5) | C5: =IF(B5=0,"",ROUND(AVERAGEIFS(Listings!$Q$2:$Q$101,Listings!$C$2:$C$101,A5),0)) | D5: =IF(B5=0,"",ROUND(AVERAGEIFS(Listings!$D$2:$D$101,Listings!$C$2:$C$101,A5),0)) | E5: =IF(B5=0,"",AVERAGEIFS(Listings!$R$2:$R$101,Listings!$C$2:$C$101,A5)) | F5: =IF(OR(B5=0,D5=0),"",ROUND(C5/(D5/1000),0))
A6: 1 | B6: =COUNTIFS(Listings!$C$2:$C$101,A6) | C6: =IF(B6=0,"",ROUND(AVERAGEIFS(Listings!$Q$2:$Q$101,Listings!$C$2:$C$101,A6),0)) | D6: =IF(B6=0,"",ROUND(AVERAGEIFS(Listings!$D$2:$D$101,Listings!$C$2:$C$101,A6),0)) | E6: =IF(B6=0,"",AVERAGEIFS(Listings!$R$2:$R$101,Listings!$C$2:$C$101,A6)) | F6: =IF(OR(B6=0,D6=0),"",ROUND(C6/(D6/1000),0))
A7: 2 | B7: =COUNTIFS(Listings!$C$2:$C$101,A7) | C7: =IF(B7=0,"",ROUND(AVERAGEIFS(Listings!$Q$2:$Q$101,Listings!$C$2:$C$101,A7),0)) | D7: =IF(B7=0,"",ROUND(AVERAGEIFS(Listings!$D$2:$D$101,Listings!$C$2:$C$101,A7),0)) | E7: =IF(B7=0,"",AVERAGEIFS(Listings!$R$2:$R$101,Listings!$C$2:$C$101,A7)) | F7: =IF(OR(B7=0,D7=0),"",ROUND(C7/(D7/1000),0))
A8: 3 | B8: =COUNTIFS(Listings!$C$2:$C$101,A8) | C8: =IF(B8=0,"",ROUND(AVERAGEIFS(Listings!$Q$2:$Q$101,Listings!$C$2:$C$101,A8),0)) | D8: =IF(B8=0,"",ROUND(AVERAGEIFS(Listings!$D$2:$D$101,Listings!$C$2:$C$101,A8),0)) | E8: =IF(B8=0,"",AVERAGEIFS(Listings!$R$2:$R$101,Listings!$C$2:$C$101,A8)) | F8: =IF(OR(B8=0,D8=0),"",ROUND(C8/(D8/1000),0))
A9: 4 | B9: =COUNTIFS(Listings!$C$2:$C$101,A9) | C9: =IF(B9=0,"",ROUND(AVERAGEIFS(Listings!$Q$2:$Q$101,Listings!$C$2:$C$101,A9),0)) | D9: =IF(B9=0,"",ROUND(AVERAGEIFS(Listings!$D$2:$D$101,Listings!$C$2:$C$101,A9),0)) | E9: =IF(B9=0,"",AVERAGEIFS(Listings!$R$2:$R$101,Listings!$C$2:$C$101,A9)) | F9: =IF(OR(B9=0,D9=0),"",ROUND(C9/(D9/1000),0))
A10: 5 | B10: =COUNTIFS(Listings!$C$2:$C$101,A10) | C10: =IF(B10=0,"",ROUND(AVERAGEIFS(Listings!$Q$2:$Q$101,Listings!$C$2:$C$101,A10),0)) | D10: =IF(B10=0,"",ROUND(AVERAGEIFS(Listings!$D$2:$D$101,Listings!$C$2:$C$101,A10),0)) | E10: =IF(B10=0,"",AVERAGEIFS(Listings!$R$2:$R$101,Listings!$C$2:$C$101,A10)) | F10: =IF(OR(B10=0,D10=0),"",ROUND(C10/(D10/1000),0))
A11: 6 | B11: =COUNTIFS(Listings!$C$2:$C$101,A11) | C11: =IF(B11=0,"",ROUND(AVERAGEIFS(Listings!$Q$2:$Q$101,Listings!$C$2:$C$101,A11),0)) | D11: =IF(B11=0,"",ROUND(AVERAGEIFS(Listings!$D$2:$D$101,Listings!$C$2:$C$101,A11),0)) | E11: =IF(B11=0,"",AVERAGEIFS(Listings!$R$2:$R$101,Listings!$C$2:$C$101,A11)) | F11: =IF(OR(B11=0,D11=0),"",ROUND(C11/(D11/1000),0))
A12: 7 | B12: =COUNTIFS(Listings!$C$2:$C$101,A12) | C12: =IF(B12=0,"",ROUND(AVERAGEIFS(Listings!$Q$2:$Q$101,Listings!$C$2:$C$101,A12),0)) | D12: =IF(B12=0,"",ROUND(AVERAGEIFS(Listings!$D$2:$D$101,Listings!$C$2:$C$101,A12),0)) | E12: =IF(B12=0,"",AVERAGEIFS(Listings!$R$2:$R$101,Listings!$C$2:$C$101,A12)) | F12: =IF(OR(B12=0,D12=0),"",ROUND(C12/(D12/1000),0))
A13: 8 | B13: =COUNTIFS(Listings!$C$2:$C$101,A13) | C13: =IF(B13=0,"",ROUND(AVERAGEIFS(Listings!$Q$2:$Q$101,Listings!$C$2:$C$101,A13),0)) | D13: =IF(B13=0,"",ROUND(AVERAGEIFS(Listings!$D$2:$D$101,Listings!$C$2:$C$101,A13),0)) | E13: =IF(B13=0,"",AVERAGEIFS(Listings!$R$2:$R$101,Listings!$C$2:$C$101,A13)) | F13: =IF(OR(B13=0,D13=0),"",ROUND(C13/(D13/1000),0))
A14: 9 | B14: =COUNTIFS(Listings!$C$2:$C$101,A14) | C14: =IF(B14=0,"",ROUND(AVERAGEIFS(Listings!$Q$2:$Q$101,Listings!$C$2:$C$101,A14),0)) | D14: =IF(B14=0,"",ROUND(AVERAGEIFS(Listings!$D$2:$D$101,Listings!$C$2:$C$101,A14),0)) | E14: =IF(B14=0,"",AVERAGEIFS(Listings!$R$2:$R$101,Listings!$C$2:$C$101,A14)) | F14: =IF(OR(B14=0,D14=0),"",ROUND(C14/(D14/1000),0))
A15: 10 | B15: =COUNTIFS(Listings!$C$2:$C$101,A15) | C15: =IF(B15=0,"",ROUND(AVERAGEIFS(Listings!$Q$2:$Q$101,Listings!$C$2:$C$101,A15),0)) | D15: =IF(B15=0,"",ROUND(AVERAGEIFS(Listings!$D$2:$D$101,Listings!$C$2:$C$101,A15),0)) | E15: =IF(B15=0,"",AVERAGEIFS(Listings!$R$2:$R$101,Listings!$C$2:$C$101,A15)) | F15: =IF(OR(B15=0,D15=0),"",ROUND(C15/(D15/1000),0))
A17: Reading the table
A18: The steep early drop then the flattening tail is the two-phase shape the model fits:
A19: a fast rate for the first few years, a slower one after. 'Mean Price per 1k Miles' is a
A20: sanity check, not a valuation - it rises for young cars simply because they have few miles.
A22: Caution: with 100 cars spread over 11 ages, some age buckets hold only a handful of cars,
A23: so a single unusual car moves that row's mean. Read the shape of the column, not any one cell.

Sheet Calibration
A1: Calibration anchors and generating parameters
A3: Valuation year | B3: 2026 | C3: Blue cells are inputs. Age on the Listings tab is derived from this.
A5: Published figures used as anchors
A6: Anchor | B6: Value | C6: Source
A7: 2026 Astra list price, entry 1.2 Turbo petrol | B7: £27,495 | C7: Stellantis Media / Auto Express
A8: 2026 Astra list price, Griffin / GS / Ultimate | B8: £29,995 / £31,495 / £33,995 | C8: Stellantis Media
A9: Share of value retained at 3 years | B9: ~48-52% | C9: Free Plate Check / CarBuyerIQ
A10: Share of value retained at 5 years | B10: ~42% | C10: Free Plate Check
A11: Depreciation flattens from | B11: year 7-8 | C11: CarBuyerIQ
A12: Reported average used Astra asking price | B12: £9,117 | C12: AutoUncle (all model years)
A13: Reported average used Astra mileage | B13: 22,623 | C13: AutoUncle
A16: Conflicting sources - resolved as follows
A17: Search results also reported 2019 Astras at £10,000-£12,000 and 2020 at £13,000-£15,000.
A18: Those figures imply ~52% retained at seven years, which contradicts the ~42%-at-five-years
A19: anchor from the same search. The two cannot both hold. This file follows the retention-curve
A20: anchors, which were reported consistently across sources, and treats the listing snippets as
A21: unreliable - they likely mix trims, generations and conditions. A 2019 Astra here prices at
A22: roughly £7,000, not £11,000. If real data says otherwise, the real data wins.
A25: Generating parameters - fit the model and check you recover these
A26: Age (years) | B26: Retained share of original list | D26: Other generating parameters
A27: 0 | B27: 0.92 | D27: Mileage penalty | E27: exp(-0.045 x excess per 10k miles), clipped to [0.72, 1.22]
A28: 1 | B28: 0.74 | D28: Expected mileage for age | E28: 10,000 miles per year
A29: 2 | B29: 0.62 | D29: Annual mileage drawn from | E29: Uniform(3,500, 21,000) - independent of age
A30: 3 | B30: 0.51 | D30: Price noise | E30: Normal(mean 1.0, sd 4.5%)
A31: 4 | B31: 0.455 | D31: Trim multiplier | E31: 0.95 (Design) to 1.10 (Ultimate)
A32: 5 | B32: 0.42 | D32: Fuel multiplier | E32: 0.88 (Electric) to 1.06 (Hybrid)
A33: 6 | B33: 0.375 | D33: Service history multiplier | E33: 1.00 Full / 0.94 Partial / 0.87 None
A34: 7 | B34: 0.335 | D34: Seller multiplier | E34: 1.08 Franchise / 1.00 Independent / 0.90 Private
A35: 8 | B35: 0.3 | D35: Condition multiplier | E35: 1.04 Excellent / 1.00 Good / 0.92 Fair
A36: 9 | B36: 0.275 | D36: Former keeper penalty | E36: 1.5% per keeper beyond the first
A37: 10 | B37: 0.255 | D37: Random seed | E37: 20260826 - regenerating with this seed reproduces the file
